category_id, rate
0,0.089569
1,0.078869
2,0.059463
3,0.049144
4,0.041107
5,0.053415
7,0.058857
